{
  "model_name": "Fruit_ResNet18_Transfer",
  "train_loss": [
    0.5795916222474154,
    0.19029524300576134,
    0.05963502709260758,
    0.0576680242905722,
    0.0526126793530934,
    0.07327629721668713,
    0.057983516886665976,
    0.03193020052276552,
    0.15080594105700798,
    0.02831246451858212,
    0.11428087248521693,
    0.015833907243658733,
    0.015306308790219618,
    0.04162148862858029,
    0.02402715401395279
  ],
  "train_acc": [
    81.15384615384616,
    93.84615384615384,
    99.23076923076923,
    98.46153846153847,
    98.84615384615384,
    98.46153846153847,
    99.61538461538461,
    99.23076923076923,
    99.23076923076923,
    99.61538461538461,
    99.23076923076923,
    100.0,
    100.0,
    98.46153846153847,
    99.61538461538461
  ],
  "val_loss": [
    0.19706003428436816,
    0.11357958307489753,
    0.13639545617625118,
    0.05598696023225784,
    0.04113995768129826,
    0.019726864830590784,
    0.07692852150648832,
    0.07577471476979554,
    0.055720592229045,
    0.05222444739047205,
    0.05578878165615606,
    0.06958105031662853,
    0.06339560353080742,
    0.05844837040640414,
    0.048686720631667416
  ],
  "val_acc": [
    92.3076923076923,
    95.38461538461539,
    92.3076923076923,
    98.46153846153847,
    98.46153846153847,
    98.46153846153847,
    96.92307692307692,
    98.46153846153847,
    96.92307692307692,
    96.92307692307692,
    98.46153846153847,
    98.46153846153847,
    98.46153846153847,
    96.92307692307692,
    98.46153846153847
  ],
  "lr": [
    0.0003,
    0.0002967221401100708,
    0.0002870318186463901,
    0.0002713525491562421,
    0.00025036959095382875,
    0.00022500000000000002,
    0.00019635254915624213,
    0.00016567926949014806,
    0.00013432073050985205,
    0.00010364745084375793,
    7.500000000000006e-05,
    4.963040904617133e-05,
    2.8647450843757904e-05,
    1.2968181353609857e-05,
    3.2778598899291478e-06
  ],
  "epochs": [
    1,
    2,
    3,
    4,
    5,
    6,
    7,
    8,
    9,
    10,
    11,
    12,
    13,
    14,
    15
  ],
  "best_acc": 98.46153846153847,
  "best_epoch": 4,
  "total_time": 17.504606246948242
}