{
  "class_names": [
    "apple",
    "banana",
    "grape",
    "orange",
    "watermelon"
  ],
  "class_name_zh": {
    "apple": "苹果",
    "banana": "香蕉",
    "grape": "葡萄",
    "orange": "橙子",
    "watermelon": "西瓜"
  },
  "test_loss": 0.05598696023225784,
  "test_acc": 98.46153846153847,
  "classification_report": {
    "apple": {
      "precision": 0.9285714285714286,
      "recall": 1.0,
      "f1-score": 0.9629629629629629,
      "support": 13.0
    },
    "banana": {
      "precision": 1.0,
      "recall": 1.0,
      "f1-score": 1.0,
      "support": 13.0
    },
    "grape": {
      "precision": 1.0,
      "recall": 1.0,
      "f1-score": 1.0,
      "support": 13.0
    },
    "orange": {
      "precision": 1.0,
      "recall": 1.0,
      "f1-score": 1.0,
      "support": 13.0
    },
    "watermelon": {
      "precision": 1.0,
      "recall": 0.9230769230769231,
      "f1-score": 0.96,
      "support": 13.0
    },
    "accuracy": 0.9846153846153847,
    "macro avg": {
      "precision": 0.9857142857142858,
      "recall": 0.9846153846153847,
      "f1-score": 0.9845925925925926,
      "support": 65.0
    },
    "weighted avg": {
      "precision": 0.9857142857142857,
      "recall": 0.9846153846153847,
      "f1-score": 0.9845925925925927,
      "support": 65.0
    }
  }
}