{
  "model_name": "ClassicCNN",
  "train_loss": [
    1.5436103464392446,
    1.2094817665379372,
    1.067526377146811,
    0.9799394040461391,
    0.9134089391478493,
    0.860596802723987,
    0.8189532829024603,
    0.7809578810658906,
    0.7512217513130753,
    0.7225843589095509,
    0.6918213030185236,
    0.6634134816772798,
    0.6453832178698171,
    0.6212651409456492,
    0.5980096152600121,
    0.5827807725771613,
    0.5623833802731141,
    0.5504242889868939,
    0.5336639652662265,
    0.5167443094312992,
    0.5000386550603315,
    0.48869980164729726,
    0.4757622351579349,
    0.4699248039661466,
    0.4578697214193661,
    0.4489316823499282,
    0.44346342376812037,
    0.44038786321802215,
    0.4386087458228211,
    0.4321187787577319
  ],
  "train_acc": [
    43.102,
    56.338,
    62.278,
    65.85,
    68.238,
    70.016,
    71.438,
    73.02,
    74.318,
    75.1,
    76.226,
    77.348,
    77.702,
    78.684,
    79.554,
    80.122,
    80.63,
    81.16,
    81.89,
    82.35,
    82.726,
    83.248,
    83.746,
    83.93,
    84.112,
    84.62,
    84.776,
    84.798,
    85.002,
    85.25
  ],
  "val_loss": [
    1.3190426894813587,
    0.9318084435857785,
    0.8426644088356359,
    0.8339010940235891,
    0.7626651783657682,
    0.6976913581987855,
    0.6596828199875583,
    0.6415320572200095,
    0.6390739965970349,
    0.6257847346317996,
    0.6025577757009275,
    0.5678856577842858,
    0.5786987265963464,
    0.5476954977034004,
    0.5301962420818912,
    0.5266250796188974,
    0.5197263340092009,
    0.5150094270516353,
    0.4962187218628112,
    0.4874771601834874,
    0.4758025182850042,
    0.47136450772452504,
    0.469515025710604,
    0.46078745774023094,
    0.4635749769628428,
    0.45412008170109647,
    0.4509406267267883,
    0.44997734951365526,
    0.45030757538072624,
    0.4508323157858697
  ],
  "val_acc": [
    53.83,
    66.61,
    70.55,
    71.43,
    73.38,
    75.54,
    76.55,
    77.72,
    77.81,
    78.22,
    78.8,
    80.44,
    79.44,
    81.03,
    81.84,
    81.9,
    82.16,
    82.41,
    82.96,
    83.11,
    83.49,
    83.82,
    84.14,
    84.42,
    84.31,
    84.46,
    84.87,
    84.79,
    84.73,
    84.79
  ],
  "epochs": [
    1,
    2,
    3,
    4,
    5,
    6,
    7,
    8,
    9,
    10,
    11,
    12,
    13,
    14,
    15,
    16,
    17,
    18,
    19,
    20,
    21,
    22,
    23,
    24,
    25,
    26,
    27,
    28,
    29,
    30
  ],
  "best_acc": 84.87,
  "total_time": 817.8191907405853
}