{
  "model_name": "ResNet18",
  "train_loss": [
    1.3500004919136273,
    0.9006948882661512,
    0.7153144364847857,
    0.6204061564582083,
    0.5633283055689938,
    0.5070536801462893,
    0.45749658212789795,
    0.42084811319170706,
    0.3835543514136463,
    0.35711253022827455,
    0.3315935027130577,
    0.30217158088408164,
    0.280660702358655,
    0.252903121621217,
    0.2303458482284299,
    0.21169999619121746,
    0.18363202958251051,
    0.16566324900464177,
    0.14344467376561268,
    0.12530126374886583,
    0.1065139323467022,
    0.08943448583964649,
    0.0735096575881657,
    0.05733214389613789,
    0.04803391356382024,
    0.04036562067225499,
    0.0346531780520597,
    0.028954751000714624,
    0.025924443765847092,
    0.02459956881071529
  ],
  "train_acc": [
    50.95,
    68.038,
    75.18,
    78.45,
    80.694,
    82.538,
    84.412,
    85.622,
    86.908,
    87.81,
    88.622,
    89.656,
    90.294,
    91.28,
    92.066,
    92.854,
    93.648,
    94.124,
    95.074,
    95.642,
    96.312,
    96.872,
    97.492,
    98.016,
    98.4,
    98.702,
    98.912,
    99.078,
    99.248,
    99.242
  ],
  "val_loss": [
    1.0588250858768535,
    0.7411724509327275,
    0.6753379057167442,
    0.7597209465731481,
    0.6549709761977955,
    0.5641581742626847,
    0.5118920592365751,
    0.49482894181066256,
    0.46171907131459305,
    0.5353238988833823,
    0.4561209326052362,
    0.37097785341891515,
    0.4071802302340793,
    0.3739674720604708,
    0.3446544379375543,
    0.3266874114229421,
    0.32217178265949725,
    0.32069537361526185,
    0.3035998011755336,
    0.293832360155833,
    0.301633383497406,
    0.29688408643386927,
    0.28182257735615324,
    0.28312983960031896,
    0.28647589078469643,
    0.27761746142178206,
    0.2812848536736646,
    0.2819265496863681,
    0.28528518289042887,
    0.2796782260155602
  ],
  "val_acc": [
    61.9,
    74.55,
    76.52,
    75.33,
    77.76,
    80.38,
    82.75,
    83.63,
    84.78,
    82.95,
    84.88,
    87.79,
    86.85,
    87.93,
    89.02,
    89.66,
    89.88,
    90.2,
    90.66,
    91.27,
    91.23,
    91.66,
    92.23,
    92.37,
    92.49,
    93.04,
    92.92,
    92.92,
    92.88,
    92.93
  ],
  "epochs": [
    1,
    2,
    3,
    4,
    5,
    6,
    7,
    8,
    9,
    10,
    11,
    12,
    13,
    14,
    15,
    16,
    17,
    18,
    19,
    20,
    21,
    22,
    23,
    24,
    25,
    26,
    27,
    28,
    29,
    30
  ],
  "best_acc": 93.04,
  "total_time": 1657.0670697689056
}